item,project_id,name,description,need,status,in_service,cost,page
1,6807 B,Queensboro - Ft Johnson 115 kV & Queensboro-Bayfront 115kV (Queensboro-James Island Sect),Replace the Queensboro - Ft Johnson 115 kV Line and structures as they have reached the end of life.,This project is required due to address end of life issues.,In Progress,2023-12-31,5404301,1
2,0167C-D,Union Pier 115-13.8 kV Sub: Tap,Installing a 115 kV Tap to feed the future Union Pier 115 kV Sub.,This project is needed to for load growth in the Charleston area.,Planned,2027-12-31,5300000,2
3,"0139 M,N","Okatie 230-115kV Substation, Jasper - Yemassee 230kV #1 Fold-in","Expand existing Okatie Transmission sub, add a 230-115 autobank and fold the Jasper - Yemassee 230 kV #1 line into the 230 kV side. Construct two additional 115 kV bus tie lines.",This project is needed to improve system performance and to meet NERC TPL and internal DESC Planning Criteria for reliability.,In Progress,2024-12-31,11116933,3
4,6341 A-F,Cainhoy - Hamlin 115kV: Rebuild Line and Cainhoy - Hamlin 115 kV #2: Construct New 115 kV Line,"Upgrade the 954 ACSR portion of the Cainhoy - Hamlin 115 kV line to B795 ACSR conductor, construct a new Cainhoy - Hamlin 115 kV #2 line, add terminals to Cainhoy and Hamlin sub to accommodate upgrades.",This project is required due to load growth in the Mount Pleasant area and to meet NERC TPL and internal DESC Planning criteria.,In Progress,2025-12-01,19890850,4
5,6808 J,Eastover - Square D 115kV: Rebuild,Replace wooden H-Frame structures with Self Supporting Steel Structures and restring with 1272 ACSR conductor.,This project is required to address end of life and reliability issues on these lines.,In Progress,2024-06-01,11700000,5
6,6808 K,Burton-St Helena 115kV: Rebuild Burton-Frogmore Transmission Section,Replace wooden structures with Self Supporting Steel Structures and restring with 1272 ACSR conductor for the Burton - Frogmore Transmission section.,This project is required to address end of life and reliability issues on these lines.,In Progress,2024-12-31,8580000,6
7,6808 L,Burton-St Helena 115kV: Frogmore Distribution - St Helena,Replace wooden structures with Self Supporting Steel Structures and upgrade to 795 ACSR for the Frogmore Distribution Tap - St. Helena section.,This project is required to address end of life and reliability issues on these lines.,In Progress,2025-12-31,6925000,7
8,"6808 N,O",VCS1-Denny Terrace 230kV & VCS1-Pineland 230kV: Rebuild Single Circuit Sections,Replace wooden H-Frame structures with Self Supporting Steel Structures and restring with standard 1272 ACSR conductor.,This project is required to address end of life and reliability issues on these lines.,In Progress,2026-12-31,4912096,8
9,6808 R,Wateree-Killian 230kV: Rebuild,Replace wooden H-Frame structures with Self Supporting Steel Structures.,This project is required to address end of life and reliability issues on these lines.,In Progress,2028-12-31,48224719,9
10,6808 S,Okatie-Bluffton 115kV: Rebuild,Replace wooden H-Frame structures with Self Supporting Steel Structures and upgrade conductor to standard 1272 ACSR.,This project is required to address end of life and reliability issues on these lines.,In Progress,2025-06-01,40660000,10
11,6808 U,Hopkins-CIP 230kV: Rebuild,Replace wooden H-Frame structures with Self Supporting Steel Structures.,This project is required to address end of life and reliability issues on these lines.,Planned,2025-12-31,2600000,11
12,6808 V,Faber Place-Bayfront 115kV: Rebuild North Bridge Terrace to Bayfront Section,Replace wooden structures with Self Supporting Steel Structures and upgrade conductor to standard 1272 ACSR.,This project is required to address end of life and reliability issues on these lines.,Planned,2028-12-31,10200000,12
13,6808 W,Square D - Hopkins 115kV: Rebuild,Replace wooden H-Frame structures with Self Supporting Steel Structures and restring with 1272 ACSR conductor.,This project is required to address end of life and reliability issues on these lines.,In Progress,2024-09-30,4300000,13
14,6809 E,Stevens Creek - Hooks 115kV/LR Plumb Branch 46kV Rebuilds,9.5 miles. Scope includes rebuilding the 115 and 46 kV lines in this corridor SPDC.,This project is required to address end of life and reliability issues on these lines.,In Progress,2024-12-31,11745543,14
15,6809 G,Stevens Creek - Hooks 115kV/LR Plumb Branch 46kV,Upgrade 6.5 miles of aging conductor with 1272 ACSR and rebuild with SPDC.,This project is required to address end of life and reliability issues on these lines.,Planned,2025-12-31,7800000,15
16,6805 G,"Edenwood Sub: #1 & #2 230-115kV Autobanks, Replace with 336MVA",Replace Autobank 1 and 2 at Edenwood Substation.,This project is required to address end of life and maintenance issues on these transformers.,In Progress,2024-12-25,10833462,16
17,"1060A, I, L","Williams St Sub: Replace Sw House & Relays, AM Williams Sub: Replace Sw House, and McMeekin Sub: Add Sw House","Replace switch house, switch house equipment, and relay panels at Williams Street substation. Replace the switch house at AM Williams substation. Add Switching House at McMeekin Substation to move relays from plant relay room.",This project is required to address end of life and maintenance issues on these transformers.,In Progress,2028-12-31,9898924,17
18,06005 B,Harleyville 115KV Transmission Tap - Construct (1.4 miles),Extend the 115 kV line from the Blue Circle tap to the Harleyville substation to provide 115 kV service.,Load growth.,Planned,2027-03-31,2750000,18
19,05004 P,Summerville: Replace and Spare 230-115kV 336MVA Auto Bank,"Purchase a spare 230/115kV, 336MVA Autobank for the Southern Region to be stored at Summerville 230kV Sub. Include a pad, AC for heaters, and possibly a pit for oil containment.",Spare equipment needs.,In Progress,2024-12-31,3982052,19
20,06076A,Canadys-Ritter 115KV-Rebld SPDC 230/115KV 1272 (Approx 18 Miles),Rebuild Canadys-Ritter 115 kV line as SPDC with 230 kV on one side and 115 kV on the other side.,This project is needed to improve system performance and to meet NERC TPL and internal DESC Planning Criteria for reliability.,In Progress,2026-06-01,40000000,20
21,6359,Yemassee- Ritter 230kV #1 & #2: Construct SPDC with B-1272,Construct Ritter - Yemassee 230kV #1 and #2 SPDC with B1272 ACSR on both sides. Convert the existing Ritter - Yemassee 230 kV to 115 kV operation. Convert and add terminals at Ritter and Yemassee. Add 230 kV bus tie at Ritter and upgrade the Yemassee 230 kV bus tie.,This project is needed to improve system performance and to meet NERC TPL and internal DESC Planning Criteria for reliability.,Planned,2026-06-01,40611419,21
22,"06367 A - C, H",Riverport Tap: Construct Tap,Construct Okatie - Riverport 230 kV to feed new Distribution substation.,Load growth.,In Progress,2025-12-31,34877427,22
23,06367 D - G,Jasper - Okatie 230 kV #2: Construct,Construct a 230 kV line with B1272 ACSR from Jasper to Okatie 230/115kV Substation. The line is estimated to be 6.5 miles long. This makes Jasper a Medium Impact substation and will require a new CIP Hut.,This project is needed to improve system performance and to meet NERC TPL and internal DESC Planning Criteria for reliability.,In Progress,2025-12-31,23787423,23
24,06371 D,Wagener 115kV Tap: Construct Tap,Constructing a 115 kV Tap off the Edmund Switching Station- Owens Corning 115 kV Line to feed new Wagener Distribution substation.,Load growth.,Planned,2025-12-31,6005000,24
25,06372 A,Church Creek - Ritter 230kV - Replace 38 Large Angles and Dead Ends,Replace 6.5 miles of aging conductor.,Replacing approximately 38 guyed wooden structures due to recent failures in the fiberglass strain insulators along this line. Structures to be changed out are dead ends/large angles.,In Progress,2024-06-01,10850000,25
26,06810 F,VCS2-Ward 230kV: Rebuild Line,Rebuild 40 miles of 230 kV line.,This project is required to address end of life and maintenance issues.,Planned,2029-12-31,30000000,26
27,06810 G,Goose Creek Reservoir: Rebuild Transmission Line Crossings,Rebuilding the Williams Goose Creek 230 and 115 kV lines and the Williams - Faber Place 230 kV line across the Goose Creek Reservoir.,This project is required to address end of life and maintenance issues.,In Progress,2024-12-31,9655669,27
28,06810 H,Summerville 115kV Loop: Rebuild,Replacing several wood pole sections on the Summerville 115 kV Loop that have reached the end of life.,This project is required to address end of life and maintenance issues.,In Progress,2024-12-31,12475000,28
29,6809 M,St George - Sumter 230kV Tie: Rebuild Line from Santee Substation - Duke/Progress Energy Tie,Rebuild Line from Santee Substation - Duke/Progress Energy Tie.,Grid hardening.,Planned,2025-12-31,4000000,29
30,5392 A-C,Coit - Gills Creek 115kV: Construct,Convert the existing Coit - Gills Creek 33 kV Line to 115 kV. Approximately 1.25 miles. Construct Gills Creek Terminal at Coit Bus #1.,Load growth.,In Progress,2024-12-31,2509602,30
31,6810 A,Hooks - Thurmond 115kV Tie: Rebuild,"Rebuilding section of line between Hooks and Thurmond. Approximately 2.3 miles. The line will be rebuilt on existing R/W using steel poles, 115 kV insulation, and 1272 ACSR conductor.",This project is required to address end of life and reliability issues on these lines.,In Progress,2024-12-31,2200080,31
32,6809 N,Batesburg - Saluda County 115kV: Rebuild,Rebuild 13.5 miles of conductor.,Grid hardening.,In Progress,2025-12-31,8750000,32
33,6853 B-F,Scout 230 kV Sub and Fold-in: Construct,Construct 230kV Transmission Line for Scout Customer Substation and modify VCS1 and Killian terminals.,Load growth.,In Progress,2026-03-31,23685000,33
34,6859,Dawson 230kV Sub and Fold-in: Construct and Rebuild,Construct Dawson 230kV substation. Fold in the existing Canadys - Church Creek and Canadys - Faber Place 230kV lines at the Dawson 230kV substation (phase 1). Rebuild Canadys - Dawson 230kV #1 and #2 with B1272 ACSR (phase 2).,Load growth.,In Progress,2025-10-01,93538207,34
35,6852,Urquhart - Toolebeck 115kV line: Rebuild,Upgrade the 477 ACSR portions of the Urquhart - Toolebeck 115 kV line to 1272 ACSR. Replace existing structures with Single Pole Double Circuit Structures. Approximately 12.5 miles.,This project is needed to improve system performance and to meet NERC TPL and internal DESC Planning Criteria for reliability.,In Progress,2026-08-12,17520000,35
36,6388 A,Williams-Summerville 230kV: Upgrade to SPDC B1272 ACSR,Rebuild the section of the Williams - Summerville 230 kV line from Ladson Jct to Williams. Line to upgraded to B-1272 and designed for a future second circuit. Approximately 10 miles.,This project is needed to improve system performance and to meet NERC TPL and internal DESC Planning Criteria for reliability.,Planned,2027-05-01,19300000,36
37,"0147 C, K",Cainhoy 115 kV Tap: Construct,Construct a 115 kV tap from Cainhoy to Clements Ferry. Approximately 2.8 miles. Construct terminal at Cainhoy.,Load growth.,Planned,2027-12-31,21850000,37
38,"0147 B, J",Jack Primus 115 kV Tap: Construct,Construct a 115 kV tap from Jack Primus to Clements Ferry. Approximately 2.2 miles. Construct terminals at Jack Primus.,Load growth.,Planned,2027-12-31,18000000,38
39,"6847 A-B, D-H",Church Creek - Faber Place - Charleston Transmission: Add 230kV Line,"Construct a 230 kV transmission line from Church Creek to Charleston Transmission. The Church Creek - Faber Place 230kV and 115kV lines will be rebuilt, and a 230kV line will be added between Faber Place and Charleston Transmission. Add 230/115kV transformer at Charleston Transmission. Add/upgrade terminals and bus work at impacted substations.",This project is needed to improve system performance and to meet NERC TPL and internal DESC Planning Criteria for reliability.,In Progress,2027-05-01,34174682,39
40,6846 A,Eastover - Sumter 115kV DEP Tie: Rebuild with 1272 ACSR,Upgrade the DESC section (approx. 1 mile) of the tie line from 397.5 ACSR Ibis to 1272 ACSR.,This project is needed to improve system performance and to meet NERC TPL and internal DESC Planning Criteria for reliability.,Planned,2026-05-31,1100000,40
41,6810 U,Cameron Jct - Elloree 46 kV Rebuild,Rebuilding the Cameron Jct - Elloree 46 kV Line. 7.3 miles.,System hardening,Planned,2026-12-31,4500000,41
42,6810 J,Elloree - Santee City 46 kV: Rebuild,Rebuilding the 46 kV line between Elloree and Santee City. 7 miles.,System hardening,Planned,2027-12-31,4500000,42
43,6810 O,Urquhart - Aiken PSA 46 kV: Rebuild,Rebuilding the section of 46 kV line from Urquhart to the Aiken PSA tap point. TBD if the scope of this project includes rebuilding the actual tap Aiken PSA. 4.5 miles.,System hardening,Planned,2027-12-31,3000000,43
44,6810 T,Cameron Jct - Cameron - St Matthews 46 kV Rebuild,Rebuilding the 46 kV line between Cameron Jct and St Matthews. 9.8 miles.,System hardening.,Planned,2028-12-31,5900000,44
