teams,zone,year,name,sponsor,need_date,pdf_page,start,description,miles,change_ten_year_plan,change_irp
19523,219,2025,SAV: CC - HYUNDAI MOTORS SAVANNAH AKA. PROJECT EA,SAV,2025-01-01,177,2022-06-01,"Construct a new Hyundai 230kV substation with an eight element 230kV ring bus and four 230/25kV banks. Construct a new Newton Rd 230kV substation with a five element 230kV ring bus and loop through the Little Ogeechee - Meldrim Black and White 230kV lines. Build two new 230kV lines connecting from Hyundai - Newton Rd (12 miles) and Hyundai - Meldrim (10 miles). At Meldrim, add a breaker to accommodate for the new Hyundai line. Install a 115/25kV bank at Interstate Centre and build a new 115kV line from Interstate Centre - Hyundai (2.3 miles) for bridge power.",12,New Project New Project,
18670,212,2025,GTC: BANKS CROSSING - POND FORK 115 KV,GTC,2025-05-01,177,2021-06-01,GTC will build a new 115kV line from McClure Industrial to structure 21N on the Ridgeway Church Road Junction or tap point (approximately 3 miles). Close normally open switch at Ridgeway Church Road to establish the Banks Crossing - Pond Fork 115kV line. All new conductors should be 100C 1351 ACSR Martin.,3,Project advanced in 2025 Project delayed from 2024 to 2025,
18492,216,2025,MITCHELL - NORTH TIFTON 230KV RECONDUCTOR,GPC,2025-05-01,177,2021-12-31,Rebuild 35.21 miles of the Mitchell - North Tifton 230kV line from 100C 795 ACSR to 100C 1351 ACSR.,35.21,Project advanced in 2025 Project delayed from 2024 to 2025,
19676,206,2025,ADAMSVILLE - JACK MCDONOUGH 230KV LINE REBUILD,GPC,2025-06-01,177,2023-06-01,Rebuild the entire 6.1 mile Adamsville - Jack McDonough 230kV line with 160C 1351 ACSS.,6.1,No Change New Project,
18800,214,2025,ECHECONNEE-WELLSTON 115KV REBUILD,GPC,2025-06-01,177,2024-01-01,Rebuild the South Warner Robins to Wellston section (1.2 miles) with 100C 1351.5 ACSR Martin conductor.,1.2,No Change No Change,
19187,211,2025,GRID - BREMEN - CROOKED CREEK (APC) 115 KV PROJECT,GPC,2025-06-01,177,2021-09-01,"Rebuild from Bremen to Indian Creek Road, on the Bremen - Crooked Creek 115kV line (14 miles), using 795 ACSR conductor at 100C.",14,Project delayed from 2024 to 2025 New Project,
18153,214,2025,GTC: BONAIRE PRI- ECHECONNEE 115 KV PARTIAL REBUILD,GTC,2025-06-01,177,2023-01-01,Rebuild 2.3 miles of the Bonaire Primary - Echeconnee 115kV line with 100C ACSR 795 conductor.,2.3,No Change Project advanced from 2030 to 2025,
20342,218,2025,GTC: CAMDEN INDUSTRIAL PARK 230/115KV NEW SUBSTATION,GTC,2025-06-01,177,2024-01-01,"GTC will construct a new 230/115kV substation with a three element 230kV ring bus, two element 115kV ring bus, and one new 230/115kV 400MVA transformer. A new 115kV line to Kinlaw substation will be built also.",,No Change New Project,
20590,214,2025,GTC: EATONTON PRIMARY - LICK CREEK 115KV LINE SWITCH REPLACEMENT,GTC,2025-06-01,177,2023-12-01,Replace a 1200A RLB line switch on the Eatonton - Lake Oconee 115kV line with a with motor operator and SCADA controls. This switch is located on GTC's Eatonton Primary - Lick Creek 115kV section of the Eatonton Primary - Lake Oconee 115kV Line.,,No Change New Project,
11821,218,2025,JESUP - LUDOWICI PRIMARY 115KV REBUILD,GPC,2025-06-01,177,2023-06-01,Rebuild approximately 7.5 miles of the Jesup - North Jesup - Rayonier section of the Jesup - Ludowici Primary 115kV line from 100C 336.4 ACSR Linnet conductor to 100C 795 ACSR Drake conductor.,7.5,No Change Project delayed from 2024 to 2025,
13753,206,2025,MEAG: ALCOVY ROAD - SKC 115 KV RECONDUCTOR,MEAG,2025-06-01,177,2023-06-01,MEAG will reconductor approximately 0.53 miles of 100C 336 ACSR conductor with 100C 1033 ACSR conductor from Alcovy Road to Alcovy Road Jct. on the Alcovy Road - SKC 115kV line.,0.53,No Change New Project,
13787,214,2025,MEAG: AULTMAN ROAD - BONAIRE PRIMARY 115 KV REBUILD,MEAG,2025-06-01,177,2023-06-01,MEAG: Rebuild approximately 1.99 miles of Sleepy Hollow - Peach Blossom 115kV section of the Aultman Road - Bonaire Primary 115kV line from 100C 336 ACSR to 100C 795 ACSR. GTC: Replace the jumpers at Sleepy Hollow with 1590 AAC.,1.99,No Change New Project,
20464,202,2025,NORCROSS 230KV BUS 1-3 SERIES BUS TIE BREAKER INSTALLATION,GPC,2025-06-01,177,2023-11-01,Install a bus tie breaker in series with existing bus tie breaker between 230kV Bus 1 and Bus 3 at Norcross.,,No Change New Project,
19631,216,2025,PINE GROVE PRIMARY 115 KV DUAL STAGE CAPACITOR BANK,GPC,2025-06-01,178,2023-11-01,Install a Dual Stage 30MVAR capacitor bank at Pine Grove Primary.,,No Change New Project,
20067,219,2025,SAV: DEPTFORD - MAGNOLIA 115KV RECONDUCTOR,SAV,2025-06-01,178,2023-01-01,Reconductor the Deptford - Magnolia 115kV line (approximately 5 miles) using 973.1 C7 ACCS (Everglades) conductor and upgrade the Deptford main bus.,5,No Change New Project,
20466,214,2025,SMART VALVE INSTALLATION,GPC,2025-06-01,178,2023-10-01,Installation of Smart Valve devices inside the Eatonton Primary substation on the Branch - Oasis 230kV and Eatonton Primary - Oasis 230kV lines.,,No Change New Project,
21046,218,2025,THALMANN AND COLERAIN 23O KV LINE RELAY PANEL UPGRADES,GPC,2025-06-01,178,2024-12-01,Relay protection modifications at GPC's Thalmann and Colerain substations to match relay scheme used at GTC's new Camden Industrial Park 230/115kV substation.,,New Project New Project,
20431,211,2025,VILLA RICA LOW SIDE BREAKER,GPC,2025-06-01,178,2024-06-01,Replace a low side breaker at Villa Rica with a 4000A breaker.,,New Project New Project,
20684,218,2025,CAMDEN INDUSTRIAL PARK (GPC),GPC,2025-06-01,178,2024-01-01,This project will loop in GPC's existing Colerain to Thalman 230kV line into GTC's new Camden Industrial Park station. GPC's Kingsland termination at GTC's Kinlaw sub will be relocated to a new 115kV bay position.,,New Project New Project,
18774,213,2025,GTC: HEARD COUNTY - TENASKA 500KV (SECOND LINE),GTC,2025-12-01,178,2021-12-01,"GTC: Build a second Heard County - Tenaska 500kV line, 0.8 miles, with 100C (3) 1113 ACSR Bluejay conductors. Add a 500kV breaker at Heard County. GPC: Add a 500kV breaker at Tenaska.",0.8,Project delayed from 2024 to 2025 Project delayed from 2024 to 2025,
18889,206,2025,JEFFERSON STREET#3 - NORTHWEST (WHITE) 115 KV RECONDUCTOR,GPC,2025-12-01,178,2024-01-01,Rebuild the 115kV White line from Northwest to Jefferson Street #3 (1.2 miles) with 200C 1351 ACSS conductor.,1.2,No Change Project advanced from 2030 to 2025,
20326,212,2025,ANTHONY SHOALS STATCOM SYSTEM,GPC,2025-12-31,178,2023-08-04,Install a + 150 / - 150 MVAR turnkey STATCOM system at Anthony Shoals 230kV substation.,,No Change New Project,
20152,211,2025,CC - CASS PINE- HILL VIEW 230 KV LINE- CC IMPROVEMENTS,GPC,2025-12-31,178,2023-06-01,Build a new 7.58 mile 200C 1351 ACSS conductor 230kV line between new Cass Pine and Hill View 230kV substations.,7.58,New Project New Project,
20175,211,2025,CC - PROJECT CHRONOS- SK/HYUNDAI,GPC,2025-12-31,178,2023-07-31,GPC will build a 230/25kV station named Two Run Ranch and loop it into the Cartersville - Pinson 230kV line to serve SK Battery/Hyundai and new load in the area.,,No Change New Project,
20010,215,2025,GTC: ANTHONY SHOALS - WASHINGTON 115 KV LINE REBUILD,GTC,2025-12-31,178,2024-01-01,Rebuild 21 miles of the Double Branches Junction - Washington 115kV line section with 100C 795 ACSR conductor or higher rated conductor.,21,No Change New Project,
17075,219,2025,SAV: LITTLE OGEECHEE 230- 115KV: RELAY MODERNIZATION,SAV,2025-12-31,178,2022-06-01,Relay modernization with conversion of the 230kV ring bus to BAAH topology and addition of BAAH rung for Big Ogeechee - Little Ogeechee (Red) 230kV Line. Rebuild 115kV straight bus to BAAH design.,,Project delayed in 2025 New Project,
18691,216,2026,GTC: LIZARD LOPE - WESTOVER 115 KV NEW LINE,GTC,2026-03-01,178,2021-06-01,"Construct two new 115kV stations, Lizard Lope and Westover, and build a new 19.8 miles of 115kV line from Lizard Lope to Gillionville",19.8,"Project delayed from 2025 to 2026 Project delayed from 2024 to 2026. Previously titled ""GTC: Gillionville - Greenhouse 115kV Line""",
20018,208,2026,CC - QTS FAYETTEVILLE TRANSMISSION NEEDS,GPC,2026-04-01,178,2023-06-01,"Build a new 500/230kV substation (Ashley Park) splitting the Ohara - Union City 500kV line. Install two 500/230kV auto transformers at the Ashley Park station. At Ashley Park, the 500kV side will be a 4 - breaker ring bus, while the 230kV side will be a 2 - rung Breaker and a Half configuration. Build two new 230kV lines (~6 miles each) from Ashley Park to the high side of customer substations. The new lines will be built with bundled 200C 1351 ACSS Martin conductor.",6,No Change New Project,
19597,208,2026,ADAMSVILLE - BUZZARD ROOST 230KV REBUILD AND JUMPER UPGRADE,GPC,2026-06-01,179,2024-06-01,Rebuild the line sections from Adamsville to Boat Rock Road (8.08 miles) on the Adamsville - Buzzard Roost 230kV line with 200C 1351 ACSS Martin conductor. Replace the AAC 750 jumper on the line at Adamsville with (2) 1590 AAC jumper. Replace 1590 AAC jumpers at Bakers Ferry and Boat Rock with (2) 1590 AAC jumpers. Replace 1600A line switches at Boat Rock with 3000A switches.,8.08,Project advanced from 2027 to 2026 New Project,
18960,201,2026,BLANKETS CREEK - WOODSTOCK 115KV LINE REBUILD,GPC,2026-06-01,179,2025-06-01,"Rebuild the entire Blankets Creek - Woodstock 115kV line, approximately 7.1 miles, with 200C 795 ACSS conductor.",7.1,No Change No Change,
20243,201,2026,CC - GARRETT ROAD SWITCHING STATION - TRAE LANE,GPC,2026-06-01,179,2023-04-30,Build the new Garrett Road 230kV switching station (three - element ring bus) splitting the Villa Rica - West Marietta 230kV line. Build a new 230kV line (8.6 miles) from the Trae Lane substation to the Garrett Road switching station with bundled 100C 1351 ACSR conductor.,8.6,Project delayed from 2025 to 2026 New Project,
20216,208,2026,CC - STONEWALL TELL ROAD (TA REALTY),GPC,2026-06-01,179,2025-01-01,"Build 230kV line segment, using 200C 1351 ACSS Martin conductor, to loop in the Stonewall Tell Road (TA Realty) customer station into the East Point - Union City 230kV Black line.",,No Change New Project,
18679,211,2026,DU: EAST DALTON - OOSTANAULA 115KV REBUILD,DU,2026-06-01,179,2023-06-01,DU: Rebuild the portion of East Dalton - Oostanaula and Dalton - East Dalton 115kV double circuit lines between East Dalton substation and the Dalton substation frame with 200C 795 ACSS.,,No Change Project delayed from 2023 to 2026. Project previously listed under TEAMS #18851.,
20491,208,2026,EAST POINT RELAY MODERNIZATION,GPC,2026-06-01,179,2024-01-01,"Upgrade protection on 230kV buses, 115kV buses, and 230/115kV auto transformer at the East Point station. Add adequate monitoring on DC supply.",,No Change New Project,
16007,215,2026,FENWICK STREET - SAND BAR FERRY 115KV (RECONDUCTOR/REBUILD),GPC,2026-06-01,179,2022-09-01,Reconductor approximately 2.72 miles of transmission line from Fenwick St to East Augusta Jct. with 100C 1351 ACSR conductor.,2.72,No Change New Project,
20516,213,2026,"GOAT ROCK 230KV SWITCH, JUMPER, & LINE TRAP REPLACEMENT",GPC,2026-06-01,179,2024-01-01,"Replace the 230kV 1200A switch with 3000A, 90C 1351.5 ACSR Martin jumper with (2) AAC 1590, and 1600A line trap with 3000A (part of the Goat Rock - North Opelika 230kV line at Goat Rock substation.",,No Change New Project,
19618,214,2026,GORDON-N DUBLIN 115KV (GORDON-ENGL MCI J) REBUILD,GPC,2026-06-01,179,2023-10-01,Rebuild the Gordon - Engelhard McIntyre J of the Gordon - North Dublin 115kV line from 100C 336.4 ACSR (2.81 miles) Linnet and 75C 4/0 F Copper/CW (3.18 miles) to 200C ACSS 795 conductor.,2.81,No Change New Project,
21139,206,2026,GRADY - MORROW (WHITE) 115KV REBUILD,GPC,2026-06-01,179,2024-06-01,Replace 0.72 miles of conductor from Moreland Way to Morrow including the bus and jumper at Moreland Way with 1351.5 Martin/ACSS 54/19 conductor.,0.72,New Project New Project,
20474,206,2026,GRADY 230/115KV RELAY MODERNIZATION,GPC,2026-06-01,179,2024-01-01,"Upgrade protection on 230kV bus, all 115kV buses, and both 230/115kV auto transformers at Grady. Add adequate monitoring on DC supply. Install a 230kV breaker and associated switches on the high side of Grady 230/115kV auto transformer D.",,No Change New Project,
19706,212,2026,GRID - GAINESVILLE #2 EQUIPMENT REPLACEMENT,GPC,2026-06-01,179,2024-12-31,GPC: Replace the two 230/115kV auto transformers (Bank C and D) at Gainesville #2 with 400MVA. Project was originally maintenance driven but now compliance driven.,,New Project New Project,
21137,206,2026,GTC: CONYERS - CORNISH MOUNTAIN 115KV LINE UPGRADE,GTC,2026-06-01,179,2025-06-01,Upgrade 750 jumpers at North Conyers and raise the temperature rating of the 636 ACSR conductor on the Conyers - Cornish MTN 115kV line from 100C to 125C.,,New Project New Project,
19334,213,2026,GTC: LAGRANGE - NORTH OPELIKA 230 KV,GTC,2026-06-01,179,2023-06-01,"Build a new Lagrange - North Opelika (APC) 230kV line, 29.4 miles, with 100C ACSR 1351.5 Martin Conductor. GTC will construct the ~15 - mile section from Lagrange to the Metering Station near the Georgia - Alabama border. The Metering Station will be owned by GTC. GPC will construct the short line section from the Metering Station to the GA - AL state line. APC will construct the 230kV line from the GA - AL state line to North Opelika.",29.4,No Change Project advanced from 2027,
20015,212,2026,GTC: MORNING HORNET 2ND 230/115 KV BANK & THUMBS UP 115KV TL,GTC,2026-06-01,179,2024-06-01,"GTC to add a second 230/115kV auto transformer at Morning Hornet substation. Also, build an additional 115kV line from Morning Hornet to Thumbs Up, approximately 2.4 miles, using at least 100C 1351 ACSR conductor.",2.4,No Change New Project,
19999,214,2026,GTC: ROBINS SPRING BUS REPLACEMENT,GTC,2026-06-01,180,2023-06-01,GTC: Replace the main 115kV bus 90C ACSR 336.4 Linnet conductor with higher rating.,,Project delayed from 2025 to 2026 New Project,
20001,214,2026,GTC: ROBINS SPRING CAPACITOR BANK INSTALLATION,GTC,2026-06-01,180,2023-01-01,Install a 115kV 2 - stage 22.5MVAR (45MVAR total) capacitor bank at Robins Spring,,Project delayed from 2025 to 2026 New Project,
19636,211,2026,HAMMOND - WEISS DAM 115KV LINE REBUILD,GPC,2026-06-01,180,2023-06-01,Rebuild 11.2 miles of Hammond - Weiss Dam 115kV from Hammond to the APC border with 200C 795 ACSS.,11.2,No Change New Project,
20512,214,2026,KATHLEEN AREA IMPROVEMENTS,GPC,2026-06-01,180,2024-01-01,Rebuild the Kathleen - Big Grocery Creek 230kV line (approximately 1.5 miles). Rebuild the Bonaire Primary - Kathleen 230kV line (approximately 6 miles). Upgrade limiting elements at Kathleen substation.,1.5,No Change New Project,
20490,206,2026,KLONDIKE RELAY MODERNIZATION,GPC,2026-06-01,180,2024-01-01,Upgrade protection on 230kV buses at the Klondike station. Add adequate monitoring on DC supply.,,No Change New Project,
19598,213,2026,MEAG: DRESDEN - LAGRANGE PRIMARY 230KV UPGRADE & JUMPERS,MEAG,2026-06-01,180,2024-06-01,MEAG will re-sag the Dresden - LaGrange Primary 230kV line to 125C. Replace the jumpers at Dresden and LaGrange with (2) 1590 AAC jumpers.,,No Change New Project,
20270,215,2026,MEAG: RAY PLACE RD - WASHINGTON #3,MEAG,2026-06-01,180,2024-01-01,Rebuild the Ray Place Rd - Washington 115kV line with 100C 795 ACSR conductor (total 17.4 Miles) between Ray Place Rd and Washington 2. Replace Jumpers and bus at Washington 2.,17.4,No Change New Project,
20271,215,2026,MEAG: RAY PLACE RD - WASHINGTON (WASHINGTON - WASHINGTON 3),MEAG,2026-06-01,180,2025-06-01,MEAG will rebuild the Ray Place Rd - Washington 115kV line with 100C 1351 ACSR conductor (total 1.2 Miles) between Washington and Washington 3. Replace jumpers at Washington.,1.2,No Change New Project,
20300,208,2026,MORROW 115KV RELAY UPGRADE,GPC,2026-06-01,180,2024-06-01,Upgrade protection scheme on all three 115kV buses at Morrow.,,No Change New Project,
18690,216,2026,PALMYRA REACTOR REMOVAL,GPC,2026-06-01,180,2023-05-01,Remove the 6% reactor at the Palmyra Substation.,,Project delayed from 2025 to 2026 Project delayed from 2024 to 2026,
20066,219,2026,SAV: BOULEVARD - DEPTFORD 115KV RECONDUCTOR,SAV,2026-06-01,180,2025-06-01,Reconductor the Boulevard - Deptford 115kV line (approximately 8 miles) using 973.1 C7 ACCS (Everglades) conductor. Upgrade main bus and jumpers at Bolton substation from 90C 1590 AAC Coreopsis to 90C (2)1590 AAC Coreopsis or higher rated equipment.,8,No Change New Project,
19966,219,2026,SAV: CC - BIG OGEECHEE 500/230KV (CC NETWORK IMPROVEMENTS),SAV,2026-06-01,180,2023-06-01,"Construct a new substation near Little Ogeechee, adjacent to the 500kV and 230kV shared right of way for McCall Road - Thalmann 500kV and the Little Ogeechee - Meldrim 230kV Black and White lines. The new substation will loop in the existing McCall Road - Thalmann 500kV line, the existing Little Ogeechee - Meldrim 230kV lines, and accommodate a new 1344MVA 500/230kV auto transformers with an additional 230kV connection to Little Ogeechee.",,No Change New Project,
20277,219,2026,SAV: MCINTOSH - PURRYSBURG 230KV REACTORS,SAV,2026-06-01,180,2024-01-01,Install reactors on the McIntosh - Purrysburg (Black and White) 230kV tie lines at McIntosh. Rebuild 0.1 miles (GPC portion) for both lines to (2) 200C 1351 ACSS conductor.,0.1,No Change New Project,
20489,206,2026,SCOTTDALE RELAY MODERNIZATION,GPC,2026-06-01,180,2024-01-01,Upgrade protection on 230kV bus and 230/115kV auto transformers at the Scottdale station. Add adequate monitoring on DC supply.,,No Change New Project,
17900,208,2026,UNION CITY - YATES 230 KV WHITE LINE REBUILD,GPC,2026-04-01,180,2023-06-01,Rebuild 23.4 miles of the Union City - Yates 230kV White line with bundled 1351 ACSS Martin conductor at 200C.,23.4,Delayed in 2026. New Project,
20691,208,2026,UNION CITY - YATES 230KV (WHITE) SWITCH AND TRAP REPLACEMENT,GPC,2026-06-01,181,2024-05-15,Replace the limiting elements at Union City and Yates substations along the Union City - Yates 230kV (White) line.,,New Project New Project,
20223,216,2026,CC - PROJECT PAYTON BAINBRIDGE,GPC,2026-06-30,181,2024-06-01,Split Farley - South Bainbridge 230kV line with a 230kV station (Dothan Road) and bring an 8.5 mile 200C 1351 ACSS 230kV line from Dothan Rd to new customer sub Downrange. Bring another 10mile 200C 1351 ACSS 230kV line from Climax to customer sub Downrange.,8.5,New Project New Project,
21022,208,2026,OHARA BREAKER REPLACEMENT,GPC,2026-10-01,181,2025-10-01,Replace Breaker on the Ohara - Tara 115kV Line at the Ohara Substation.,,New Project New Project,
20668,208,2026,DRESDEN LINE PROTECTIVE RELAYING,GPC,2026-12-01,181,2024-12-01,"On the O'Hara - Wansley 500kV line, replace the protective relay panels associated with the 500kV line terminal facing Dresden, at both O'Hara and Wansley.",,New Project New Project,
20874,213,2026,GTC: BARNESVILLE PRIMARY- BARNESVILLE #1 115KV RECONDUCTOR,GTC,2026-12-01,181,2024-06-01,Rebuild approximately 4.53 miles of the Barnesville Primary - Barnesville #1 segment on the Barnesville Primary - Lamar County Industrial 115kV line.,4.53,New Project New Project,
20273,208,2026,GTC: DRESDEN 500KV BUS EXPANSION,GTC,2026-12-01,181,2024-12-01,GTC will expand the Dresden 500kV bus into a 5 - element ring bus configuration. Loop the O'Hara - Wansley 500kV line into the Dresden 500kV substation and allow for future Dresden - Talbot 500kV line termination.,,No Change New Project,
20002,214,2026,GTC: GORDON - SANDERSVILLE #1 115KV LINE REBUILD,GTC,2026-12-01,181,2023-02-01,Rebuild the 1.87 miles of Sandersville #1 - Sandersville #6 line section of the Gordon - Sandersville #1 115kV line from 100C ACSR 336 conductor to 100C ACSR 795 conductor.,1.87,Project delayed in 2026 New Project,
20151,211,2026,CC - CASS PINE 230/25 NEW SUB - QCELLS - CC IMPROVEMENTS,GPC,2026-12-31,181,2024-06-01,Build a new 230/25kV 8 element ring bus networked substation named Cass Pine that will interconnect between new Great Valley and Hill View 230kV substations.,,New Project New Project,
19287,206,2026,GRADY-WEST END 115KV REBUILD,GPC,2026-12-31,181,2022-06-01,Reconductor the Grady - West End 115kV line (2.6 miles) using 200C 1351 ACSS Martin.,2.6,No Change Project delayed from 2024 to 2026,
19363,208,2026,MORROW - MOUNTAIN VIEW 115 KV REBUILD,GPC,2026-12-31,181,2024-01-01,Rebuild the Mountain View - Barnett Road section of the Morrow - Mountain View 115kV line with 200C 1351 ACSS Martin conductor.,,No Change New Project,
18832,213,2027,MEAG: FORTSON 230KV SUBSTATION MODERNIZATION,MEAG,2027-01-13,181,2025-01-01,"Complete modernization and replacement of obsolete equipment and relays for the 500kV, 230kV, and 115kV yards. Add a redundant relay scheme at Fortson.",,Project delayed from 2025 to 2027 Project delayed from 2024 to 2027,
20509,201,2027,CC - EMBLEM RIVERSIDE CUSTOMER SUB (FLEXENTIAL),GPC,2027-03-01,181,2025-06-01,"A new customer substation, Emblem Riverside, is being built along the Buzzard Roost - Douglasville 230kV line. Moreover, a Fiber ICON ring is being built in the area to help with communications and protection for all customers in the area.",,New Project New Project,
19635,211,2027,GTC: HICKORY LEVEL - VILLA RICA 230KV LINE RECONDUCTOR,GTC,2027-05-01,181,2024-05-01,GTC will reconductor from 100C 1351 ACSR to 160C 1351 ACSS on 8.6 miles of 230kV line. A 2000A line trap at Villa Rica will also be replaced with a 3000A line trap.,8.6,Project advanced from 2029 to 2027 New Project,
19601,208,2027,MORROW - YATES COMMON 115KV LINE UPGRADE,GPC,2027-05-01,181,2024-05-01,"On the Fife - Fairburn SW - Owens Corning Tap sections of the Morrow - Yates Common 115kV line, rebuild approximately 5.8 miles of 50C 477 ACSR with 210C 1334 T13 ACCR Martin or 200C 1351.0 ACSS Martin.",5.8,New Project New Project,
15879,211,2027,POSSUM BRANCH - YATES COMMON 115KV REBUILD (YATES TO CLEM),GPC,2027-05-01,181,2025-06-01,Rebuild 11.2 miles of 100C 477 ACSR with 200C 1334 T13 ACCR Martin or 200C 1351.0 ACSS between Yates Common to Oak Mountain. Replace limiting elements along the line.,11.2,New Project New Project,
20771,208,2027,CC - GULLATT ROAD TRANSMISSION IMPROVEMENTS,GPC,2027-06-01,182,2024-06-01,Upstream Transmission improvements to serve a new customer station being built along the Morrow - Yates Common 115kV and Line Creek - Fairburn #2 115kV lines. Rebuild the Morrow - Yates Common 115kV line from Line Creek to the new Gullatt Road customer station. Rebuild the Line Creek - Fairburn #2 115kV line from Line Creek to the new Gullatt Road customer station. Remove the Owens Corning Tap Connection on the Morrow - Yates Common 115kV line and rebuild the line from North Coweta to Str 1. Build new line section from Str 1 to the new Gullatt Road customer station,,New Project New Project,
18736,208,2027,CC - MICROSOFT - SHUGART (CCO06),GPC,2027-06-01,182,2022-12-31,"GPC will rebuild the Line Creek 230kV substation as breaker and a half configuration and connect the Morrow - Yates 230kV line and the Union City - Yates 230kV White line into Line Creek. For the Union City - Yates 230kV Black line, terminate the line from the Yates side into Shugart Farms, and the line from the Union City side into Line Creek. Build two short lines from Line Creek to Shugart Farms (0.3 miles each) with 100C 1351 ACSR Martin conductor.",0.3,Project delayed from 2024 to 2027 New project,
20781,201,2027,CC - SUMMER LAKE - VILLA RICA 230KV REBUILD (CC IMPROVMNT),GPC,2027-06-01,182,2025-06-01,Rebuild the 2.5 mile section from Villa Rica to the new East Villa Rica Switching station on the Summer Lake - Villa Rica 230kV line with bundled 200C 1351 ACSS Martin.,2.5,New Project New Project,
20736,208,2027,CC - TA REALTY ELLENWOOD NETWORK IMPROVEMENTS,GPC,2027-06-01,182,2024-06-01,"Rebuild the ~14.9mi Austin Drive - Morrow 115kV with 200C 1351.5 ACSS Martin. At Austin Drive 115kV, replace the 115/230kV auto transformer along with upgrades other limiting elements at the station.",14.9,New Project New Project,
20234,212,2027,DOYLE - LG&E MONROE 230KV - JACKS CREEK LOOP IN,GPC,2027-06-01,182,2027-01-03,Loop in and out the new Jack's Creek 230kV switching station into the Doyle - LG&E Monroe 230kV line. This is coordinated with the East Walton Project (TEAMS #09662).,,No Change New Project,
20858,201,2027,GTC: ADAMSVILLE - BUZZARD ROOST 230KV REBUILD,GTC,2027-06-01,182,2025-06-01,GTC plans to rebuild 5 miles of line from Buzzard Roost to Boat Rock Road with 200C 1351 ACSS Martin.,5,New Project New Project,
20776,201,2027,GTC: DOUGLASVILLE - VILLA RICA 230KV REBUILD (CC IMPROVEMENT),GTC,2027-06-01,182,2025-06-01,Rebuild the 2.5 mile section from Villa to the new East Villa Rica Switching station on the Douglasville - Villa Rica 230kV line with bundled 200C 1351 ACSS Martin.,2.5,New Project New Project,
20778,212,2027,GTC: DOYLE - WINDER PRIMARY 230KV LINE JUMPER REPLACEMENT,GTC,2027-06-01,182,2025-12-31,Replace the limiting AAC 1033 jumper with AAC 1590 at Doyle on the Doyle - Winder Primary 230kV line.,,New Project New Project,
19358,216,2027,GTC: EAST MOULTRIE - HIGHWAY 112 230 KV LINE,GTC,2027-06-01,182,2022-06-01,Build a new 27 miles of 230kV line between HWY 112 and East Moultrie substations with 100C 1351 ACSR conductor.,27,No Change New Project,
09662,212,2027,GTC: EAST WALTON 500/230KV PROJECT,GTC,2027-06-01,182,2023-06-01,"CRITICAL ENERGY INFRASTRUCTURE INFORMATION - CONFIDENTIAL. This data is confidential CEII and is subject to Regulation by CFR Sec. 388.113. Recipient should be aware that disclosure of this material and its contents shall be handled in accordance with CEII procedures. Any and all duplications of this data must contain this notification. This document contains non-public transmission information and in accordance with FERC policy, should not be disclosed to Marketing Function employees. 2024 GA ITS Ten-Year Plan (2025-2034) Page 131 of 304 GTC: EAST WALTON 500/230KV PROJECT Teams # 09662 Need Date 06/01/2027 Start Date 06/01/2023 Description Supporting Statement Change From Previous Ten Year Plan Change From Previous IRP Estimated Cost - GPC REDACTED Estimated Cost - GTC REDACTED GTC: - Construct the East Walton 500/230kV substation. - Construct the Bostwick 230kV switching station. - Construct the East Walton - Rockville 500kV line (3 - 100C 1113 ACSR). - Construct the Bethabara - East Walton 230kV line (170C 1351.5 ACSS). - Construct the Bostwick - East Walton 230kV line (170C 1351.5 ACSS). - Construct the East Walton - Jack's Creek 230kV line (170C 1351.5 ACSS). - At Bethabara, terminate the East Walton 230kV line. - Loop the East Social Circle - East Watkinsville 230kV line into Bostwick. - Replace line trap at East Watkinsville on the Bostwick 230kV line. GPC: - Construct the Rockville 500kV switching station. - Loop the Scherer - Warthen 500kV line into Rockville. - Loop the Doyle - LG&E Monroe 230kV line into Jack's Creek. MEAG: - Construct the Jack's Creek 230kV switching station.",,No Change New Project,
20505,201,2027,GTC: GARRETT RD - V. RICA 230KV LINE RECONDUCTOR (CC NET IM),GTC,2027-06-01,182,2027-01-01,"GTC will reconductor the section from East Villa Rica Switching station to Garrett Rd with 160C 1351 ACSS on 11.5 miles of the Garrett Road - Villa Rica 230kV line. Additionally, the 2.5 miles section from East Villa Rica Switching Station to Villa Rica will be rebuilt with bundled 200C 1351 ACSS Martin.",11.5,Project advanced from 2029 to 2027 New Project,
19622,214,2027,GTC: RIDDLEVILLE BUS REPLACEMENT,GTC,2027-06-01,182,2023-01-09,GTC will replace the main 115kV bus at Riddleville substation with higher rating.,,Project delayed from 2024 to 2027 New Project,
19606,206,2027,GTC: SKC 115KV BUS AND JUMPER REPLACEMENT,GTC,2027-06-01,182,2025-06-01,Replace the 115kV bus and jumpers at SKC substation with higher rated bus and jumpers with rating higher than 255MVA.,,No Change New Project,
20020,214,2027,GTC: SOUTH HAZLEHURST - NEW LACY 230KV LINE,GTC,2027-06-01,182,2024-01-15,GTC will build a new 230kV transmission line between South Hazlehurst (bus 2) and New Lacy substation (approximately 25 miles) with 100C ACSR 1351 Martin conductor. Do all the necessary upgrade work to accommodate the additional line in both facilities.,25,No Change New Project,
20506,201,2027,GTC: SWITCH WAY - THORNTON ROAD 230KV LINE REBUILD,GTC,2027-06-01,182,2025-01-01,GTC will rebuild the 1.3 mile Switchway - Thornton Rd 230kV line with 200C 1351 ACSS.,1.3,No Change New Project,
18668,218,2027,JESUP - OFFERMAN 115KV REBUILD,GPC,2027-06-01,182,2021-04-06,"Rebuild 20 miles of 100C 4/0 ACSR Penguin conductor along the Jesup - Offerman 115kV line, with 100C 795 ACSR Drake conductor.",20,No Change Project delayed from 2024 to 2027,
10143,202,2027,LAWRENCEVILLE - WINDER 115KV LINE REBUILD,GPC,2027-06-01,183,2026-10-15,Rebuild approximately 1.2 miles of 100C 636 ACSR conductor from Johns Manville to Winder Primary with 200C 795 ACSS conductor.,1.2,No Change New Project,
10481,202,2027,LAWRENCEVILLE - WINDER PRIMARY 230KV LINE REBUILD,GPC,2027-06-01,183,2024-06-01,"Rebuild the entire Lawrenceville - Winder Primary 230kV line, approximately 15.4 miles, using 200C 1351 ACSS ""Martin"" conductor.",15.4,Project advanced from 2029 to 2027 New Project,
20264,215,2027,MEAG: RAY PLACE RD - WARRENTON PRIMARY,MEAG,2027-06-01,183,2026-01-01,Rebuild 10 miles of Ray Place - Warrenton Primary 115kV line with 100C 2 - 1351 ACSR conductor and replace 1590 AAC Coreopsis jumpers at Warrenton.,10,Project advanced from 2030 to 2027 New Project,
19248,214,2027,SANDERSVILLE #1 - WADLEY PRI. 115KV REBUILD/RECONDUCTOR,GPC,2027-06-01,183,2022-02-15,Rebuild approximately 24.3 miles of the Sandersville #1 - Wadley Primary 115kV line from 100C 336 ACSR Linnet conductor to 100C 1351 ACSR Drake conductor. Replace limiting elements in substations along the line.,24.3,No Change New Project,
20785,219,2027,SAV: GOSHEN (SAV) - KRAFT 115KV LINE REBUILD,SAV,2027-06-01,183,2024-06-01,Rebuild 9.3 miles of Goshen - Kraft 115kV line from Kraft - Godley J - Rice Hope from 100C 795 ACSR Drake to 200C 1351 ACSS Martin.,9.3,New Project New Project,
20065,219,2027,SAV: GOSHEN (SAV) - MCINTOSH 115KV LINE REBUILD,SAV,2027-06-01,183,2025-06-01,"Rebuild the Goshen (Savannah) - Georgia Pacific (Rincon) section, approximately 6.7 miles, of the Goshen (Sav) - McIntosh 115kV line using 100C 795 ACSR Drake conductor.",6.7,No Change New Project,
20717,208,2027,CC - TOMOCHICHI 500/230KV SOLUTION (CC NETWORK IMPROVEMENTS),GPC,2027-07-15,183,2024-06-01,"Build the new Tomochichi 500/230kV switching station (four element ring bus 500kV high side, four element breaker and a half 230kV low side) splitting the Ohara - Schere 500kV line. Build two new 230kV lines from the new Tomochichi substation to the new Towaliga River 230kV substation.",,New Project New Project,
18573,214,2027,GRID - ARKWRIGHT - LLOYD SHOALS 115KV,GPC,2027-07-30,183,2021-06-01,Rebuild the Arkwright - Lloyd Shoals 115kV line with 100C 795 ACSR Drake.,,Project delayed from 2024 to 2027 Project delayed from 2024 to 2027. Previously listed under TEAMS #12016.,
20591,214,2027,GTC: EATONTON PRIMARY (035591) - LICK CREEK 115KV REBUILD,GTC,2027-12-01,183,2023-10-01,Rebuild approximately 7.5 miles Eatonton Primary - Lick Creek 115kV line section with 100C 795 ACSR conductor.,7.5,No Change New Project,
17977,212,2027,ATHENA - EAST WATKINSVILLE 115 KV (REBUILD),GPC,2027-12-31,183,2024-08-01,Rebuild 8.47 miles of the University of Georgia - East Watkinsville line sections on the Athena - East Watkinsville 115kV line with 100C ACSR 1033 conductor.,8.47,Delayed from 2026 to 2027 New Project,
20150,211,2027,CC - HILL VIEW & GRASSY HOLLOW SUB - CC IMPROVEMENTS,GPC,2027-12-31,183,2023-06-01,Build two 230kV switching stations (Hill View and Grassy Hollow) looping into the Cartersville - McGrau Ford 230kV line (8.5 miles apart). Build two new 230kV lines: Cass Pine - Great Valley and Great Valley - Grassy Hollow (total 10.1 miles) with 200C 1351 ACSS Martin.,8.5,Project delayed from 2024 to 2027 New Project,
20024,211,2027,DYER ROAD - EAST ROANOKE 115KV (REBUILD),GPC,2027-12-31,183,2025-06-01,Rebuild 20.7 miles of 75C 397.5 ACSR conductor with advanced conductor from Dyer Road to Wansley tap on the Dyer Road - East Roanoke (APC) 115kV line.,20.7,New Project New Project,
19997,214,2028,AULTMAN ROAD-PERRY 115KV LINE REBUILD,GPC,2028-06-01,183,2025-06-01,Rebuild the PPG J2 - Langston Road line section of the Aultman Road - Perry 115kV line from 100C 336 ACSR Linnet conductor to 200C 1351 ACSS conductor.,,New Project New Project,
20797,201,2028,CC - EAST VILLA RICA AREA SWITCHING STATION (CC IMPROVEMENT),GPC,2028-06-01,183,2025-06-01,Build a 7 rung breaker and a half switching station along the right of way of the (3) 230kV lines about 2.5 miles East of Villa Rica to service recently signed customers in the area. All three lines will terminate into this station.,2.5,New Project New Project,
20774,211,2028,CC - VILLA RICA UPGRADES (CC NETWORK IMPROVEMENTS),GPC,2028-06-01,183,2026-06-01,Loop in the Bowen - Union City line into Villa Rica 500kV bus and add a second 2016 MVA 500/230kV auto transformer. Convert the 230kV side to a 10 element breaker and a half scheme.,,New Project New Project,
21048,214,2028,FITZGERALD - PITTS 115 KV LINE REBUILD,GPC,2028-06-01,184,2025-06-01,Rebuild approximately 26.14 miles of the Fitzgerald - Pitts 115kV line with 200C 1351 ACSS.,26.14,New Project New Project,
08458,213,2028,GTC: BARNESVILLE - SOUTH GRIFFIN 230KV PROJECT,GTC,2028-06-01,184,2026-01-01,"Construct 19 miles of 230kV circuit, on existing ROW, using200C 1351 ACSS conductor from South Griffin 230/115kV substation to the Barnesville 230/69kV substation.",19,New Project New Project,
20503,216,2028,GTC: BARNEYVILLE - EAST MOULTRIE 115KV NEW LINE,GTC,2028-06-01,184,2025-06-01,Build a new 20 miles of 115kV line with 200C 1351 ACSS from Barneyville to East Moultrie. Add 115kV breakers to Barneyville and East Moultrie substations.,20,No Change New Project,
20873,214,2028,GTC: BONAIRE PRIMARY 500/230KV XFMR REPLCMNT & RELAY MOD,GTC,2028-06-01,184,2024-03-14,"Replace 500/230kV, auto transformer C with a new 448 MVA transformer. Replace obsolete relay panels.",,New Project New Project,
19992,212,2028,GTC: BOSTWICK - EAST SOCIAL CIRCLE 230KV RECONDUCTOR,GTC,2028-06-01,184,2024-12-31,Reconductor 10.8 miles of the East Social Circle - East Watkinsville 230kV line (up to future Bostwick location) from 1033 ACSR Curlew conductor to 1033 ACCR 200C conductor.,10.8,Project advanced from 2030 to 2028 New Project,
20777,206,2028,JACK MCDONOUGH - NORTHWEST (BLACK) 230KV RECONDUCTOR,GPC,2028-06-01,184,2025-06-01,Rebuild the Jack McDonough - Northwest (Black) 230kV line (4.59 miles) using 200C 1351 Elbrus/TW.,4.59,New Project New Project,
19629,216,2028,MEAG: BRUMBLEY CREEK - SOUTH BAINBRIDGE 115KV REBUILD,MEAG,2028-06-01,184,2024-01-01,Rebuild 2.1 miles segment from line tap into Roddenbery Station on the South Bainbridge - Thomasville 115kV line from 50C ACSR TW 762.8 to 200C 1351 ACSS conductor.,2.1,Project delayed from 2025 to 2028 New Project,
19630,216,2028,MEAG: THOMASVILLE 230/115KV AUTOBANK REPLACEMENT,MEAG,2028-06-01,184,2027-06-01,Replace the 140MVA 230/115kV auto transformer #4 at Thomasville substation.,,Project advanced from 2029 to 2028 New Project,
20482,213,2028,PITTMAN ROAD - WEST POINT DAM (USA) 115KV REBUILD,GPC,2028-06-01,184,2025-06-01,Rebuild 3 miles from the Pittman Road 115kV station to the West Point Dam (USA) 115kV station with 100C 1351 ACSS Martin conductor. Replace AAC 750 jumper at Pittman Road 115kV with (2) 1590 AAC.,3,Project advanced from 2031 to 2028 New Project,
20656,208,2028,PLANT YATES BREAKER AND HALF STATION,GPC,2028-06-01,184,2024-05-01,Rebuild the Yates 6 & 7 substation to a Breaker and a Half configuration.,,New Project New Project,
20783,219,2028,SAV: COLEMAN - DEAN FOREST 115KV LINE REBUILD,SAV,2028-06-01,184,2025-06-01,Rebuild entire line from Coleman to Dean Forest. 6.67 miles of 100C 477 Hawk Conductor with 200C 1351 ACSS Martin conductor.,6.67,New Project New Project,
20407,219,2028,SAV: MAGNOLIA - TRUMAN PARKWAY 115KV REBUILD,SAV,2028-06-01,184,2025-06-01,Rebuild 3 miles of the Magnolia - Truman Parkway 115kV from 75C 927 ACAR to 200C 1351 ACSS Martin conductor or higher rated conductor. Upgrade 1200A switches at Magnolia substation to 2000A switches and jumpers at Truman Parkway.,3,No Changes New Project,
21069,201,2028,SMART VALVES AT EAST VILLA RICA SWITCHING STATION,GPC,2028-06-01,184,2028-06-01,Installation of Power Flow Controllers at the new East Villa Rica Switching Station on the Douglasville - Villa Rica 230kV and Summer Lake - Villa Rica 230kV lines. The Power Flow Controllers will be removed when GTCs strategic project at Cavender Drive goes in service.,,New Project New Project,
20768,214,2028,SOUTH MACON 115KV BUSES 1 & 2 REPLACEMENT,GPC,2028-06-01,184,2025-01-15,Replace the 115kV buses 1 and 2 at South Macon with (2) 1590 AAC.,,New Project New Project,
20274,208,2028,UNION CITY - YATES 230KV (BLACK) LINE REBUILD,GPC,2028-06-01,184,2025-06-01,"Rebuild the Union City - Yates 230kV Black line with bundled 200C 1351 ACSS Martin conductor. Replace limiting elements at Union City, Fairburn #1 and Line Creek substations.",,No Change New Project,
13166,213,2028,FIRST AVENUE - NORTH COLUMBUS 115KV LINE REBUILD,GPC,2028-12-01,184,2028-01-01,Rebuild the 0.9 miles North Columbus - First Avenue 115kV line (currently 75C 657 ACAR) with 200C 1351 ACSS conductor.,0.9,New Project New Project,
20586,214,2028,GTC: NORTH DUBLIN 230/115KV TRANSFORMERS AND BUS-TIE BREAKER,GTC,2028-12-01,185,2023-11-01,"Replace 230/115kV auto transformers A & B with (2) new 230/115kV, 400 MVA auto transformers. Replace 230kV bus tie breaker with a new 2000A breaker. Replace 115kV bus tie breaker with a new 2000A breaker.",,No Change New Project,
21062,208,2029,ASHLEY PARK-WANSLEY 500KV,GPC,2029-06-01,185,2024-12-01,"Construct a 500kV line from Ashley Park to Wansley, approximately 35 miles long.",35,New Project New Project,
10222,216,2029,BLAKELY PRIMARY - HUCKLEBERRY 115KV REBUILD,GPC,2029-06-01,185,2025-06-01,Rebuild the Blakley Primary - Huckleberry 115kV line from 75C 477 ACSR to 200C 1351 ACSS. (13.5 miles) GPC: Replace jumpers at Blakely Primary GTC: Replace jumpers at Blakely and Huckleberry,13.5,New Project New Project,
21047,214,2029,BROADWAY - ECHECONNEE 115 KV LINE REBUILD,GPC,2029-06-01,185,2025-01-01,Rebuild the Griffin Rd - Echeconnee line section of Broadway - Echeconnee line with 200C 1351 ACSS conductor.,,New Project New Project,
16887,213,2029,BUTLER - THOMASTON 230KV LINE CONVERSION,GPC,2029-06-01,185,2025-01-01,Rebuild the radial Thomaston - Butler 115kV line to 230kV network operation. Make all necessary upgrades and accommodations at Butler and Thomaston. Convert the Wesley substation from 115kV to 230kV.,,New Project New Project,
21036,201,2029,BUZZARD ROOST - FACTORY SHOALS 230KV NEW LINE,GPC,2029-06-01,185,2026-06-01,A new 2 mile 230kV line is being built from Buzzard Roost to Factory Shoals with 200C 1351 ACSS Martin conductor.,2,New Project New Project,
21142,206,2029,CONYERS - KLONDIKE 230 KV SECOND LINE,GPC,2029-06-01,185,2026-06-01,Build a new 6.56 mile line from Conyers to Klondike with 200C (2) 1351 ACSS Martin conductor. Build one new 230kV breaker terminal at Conyers and one new 230kV terminal at Klondike.,6.56,New Project New Project,
21138,206,2029,GLENWOOD SPRINGS - PORTERDALE PRIMARY 230KV LINE SWITCH REPL,GPC,2029-06-01,185,2029-06-01,Replace the 600A line switch at Porterdale Primary on the Glenwood Springs - Porterdale Primary 230kV Line with 1200A switch.,,New Project New Project,
21112,213,2029,GTC: BARNESVILLE PRIMARY - THOMASTON 230KV,GTC,2029-06-01,185,2027-06-01,Rebuild Barnesville Primary - Thomaston 230kV line (13.24 miles) with 100C 1351 ACSS; Replace 1200A switches at Barnesville Primary & Thomaston with 3000A switch; replace associated jumper at both stations.,13.24,New Project New Project,
10814,202,2029,GTC: BAY CREEK 230/115KV SECOND AUTO TRANSFORMER,GTC,2029-06-01,185,2028-06-01,"Install a second 230/115kV, 400 MVA auto transformer at the Bay Creek substation.",,No Change New Project,
21140,214,2029,GTC: BONAIRE PRIMARY - EASTMAN PRIMARY 115 KV LINE REBUILD,GTC,2029-06-01,185,2026-01-01,Rebuild 41.08 miles of the Bonaire Primary - Eastman Primary 115kV Line using 200C 1351ACSS Martin and upgrade the bus at Roddy substation.,41.08,New Project New Project,
20849,201,2029,GTC: CLIFTONDALE - LINE CREEK 230KV LINE,GTC,2029-06-01,185,2026-06-01,An 11.6 mile 230kV line is being built form Cliftondale to Line Creek with 200C 1351 ACSS Martin.,11.6,New Project New Project,
19950,213,2029,GTC: DRESDEN - TALBOT 500KV LINE,GTC,2029-06-01,185,2025-06-01,GTC will build a new 500kV line from Talbot to Dresden (75 miles). This project will create a new Talbot 500/230kV substation with a 500/230kV auto transformers. The low side of the auto transformers will connect to the Talbot County #1 and #2 230kV buses.,75,No Change New Project,
20760,202,2029,GTC: HOPEWELL 230/115 KV BANK A,GTC,2029-06-01,185,2028-06-01,Replace the Hopewell 230/115kV auto transformer with a 400 MVA auto transformer.,,New Project New Project,
21123,201,2029,GTC: TENASKA - WANSLEY 500KV NEW LINE,GTC,2029-06-01,185,2024-12-01,Construct a 5 mile long 500kV line between Tenaska and Wansley. Make all necessary accommodations at the substations for the line termination.,5,New Project New Project,
21141,206,2029,LLOYD SHOALS - PORTERDALE PRIMARY 115KV REBUILD,GPC,2029-06-01,185,2026-03-01,Rebuild 15.8 miles of 50C 397.5 ACSR Ibis with 200C 1351 ACSS Martin from Jackson Lake to Lloyd Shoals and Jackson Lake to South. Covington Junction.,15.8,New Project New Project,
20285,216,2029,LOWER RIVER - WEBB (APC) 115KV RECONDUCTOR,GPC,2029-06-01,185,2025-06-01,Reconductor 0.97 miles of 100C 636 Grosbeak Lower River - Webb 115kV line with 200C 795 ACSS Drake conductor.,0.97,Project advanced from 2030 to 2029 New Project,
19621,212,2029,MCEVER ROAD - SHOAL CREEK 115KV REBUILD,GPC,2029-06-01,186,2024-12-31,"Rebuild the 636 ACSR (1 mile) of the McEver Road - College Square section, and 2 - 4/0 copper part (2.05 miles) of the College Square to Lakeside WTP B line section, part of the McEver Road - Shoal Creek 115kV line, using 200C 1351 ACSS conductor.",1,No Change New Project,
20346,218,2029,MCMANUS - WEST BRUNSWICK 115KV REBUILD,GPC,2029-06-01,186,2026-01-01,"Rebuild the McManus - West Brunswick 115kV line, approximately 5.7 miles, with 200C 1351 ACSS Martin conductor.",5.7,No Change New Project,
17706,214,2029,MEAG: AULTMAN ROAD - FORT VALLEY #1 115 KV REBUILD,MEAG,2029-06-01,186,2026-06-01,Rebuild approximately 8 miles of the Aultman Road - Fort Valley #1 115kV line with 200C 1351 ACSS conductor.,8,New Project New Project,
11051,216,2029,MEAG: SLAPPEY DRIVE - WESTOVER 115KV LINE REBUILD,MEAG,2029-06-01,186,2026-06-01,Rebuild 2.92 miles of 100C sagged 477 ACSR Hawk conductor from Slappey Drive to Albany #9 with 1351 ACSR.,2.92,No Change New Project,
20757,202,2029,NORCROSS - NORTH DRUID HILLS 115KV REBUILD,GPC,2029-06-01,186,2025-01-01,"Rebuild the Norcross - Norcross Junction (674) segment, approximately 3.9 miles, from 100C 477 ACSR Hawk conductor to 200C 1351 ACSS ""Martin"" conductor.",3.9,New Project New Project,
21006,219,2029,SAV: BOULEVARD - MAGNOLIA 115 KV LINE REBUILD,SAV,2029-06-01,186,2027-01-01,Rebuild the entire line from Boulevard to Magnolia (4.56 miles) from 100C 795 ACSR Drake to 200C 1351 ACSS Martin,4.56,New Project New Project,
21023,219,2029,SAV: DEAN FOREST - LITTLE OGEECHEE 230 KV REBUILD,SAV,2029-06-01,186,2026-01-01,"Rebuild the entire line from Little Ogeechee - Salt Creek and Salt Creek - Dean Forest, approximately 8 miles, using 200C 1351 ACSS/Martin. Upgrade jumpers at the Little Ogeechee terminal.",8,New Project New Project,
20989,219,2029,SAV: RICE HOPE NEW AUTO TRANSFORMER,SAV,2029-06-01,186,2025-06-01,Install a new 230/115kV 400MVA auto transformer at Rice Hope and loop in the Crossgate - McIntosh 230kV line.,,New Project New Project,
13628,216,2029,SOUTH BAINBRIDGE - SINAI (FPL) 115KV LINE RECONDUCTOR,GPC,2029-06-01,186,2025-06-01,Rebuild the Four Mile tap - Recovery - Sinai (FPL) segment of the Sinai (FPL) - South Bainbridge 115kV line from 100C 336.4 ACSR to 200C 1351 ACSS. 9.8 miles in FPL and 13.75 miles in GPC At Recovery (GTC): Replace 100C 336.4 ACSR string bus with higher rating and jumpers with (1) 1590 AAC At Sinai (FPL): Replace 100C 336.4 ACSR string bus with higher rating,9.8,New Project New Project,
20248,202,2029,BAY CREEK - CONYERS 230KV REBUILD,GPC,2029-12-31,186,2031-06-01,"GPC will rebuild the Bay Creek - Conyers 230kV line, approximately 15.29 miles, using 200C 1351 ACSS ""Martin"" conductor.",15.29,New Project New Project,
21129,211,2030,ANNISTON - HAMMOND 230KV LINE,GPC,2030-06-01,186,2025-06-01,Rebuild the 28.12 miles section between Hammond and the Goshen tap with 200C 1351 ACSS Martin conductor.,28.12,New Project New Project,
20764,201,2030,ATKINSON - NORTHSIDE DRIVE 115KV REBUILD,GPC,2030-06-01,186,2027-06-01,"Rebuild a portion of the Atkinson - Northside 115kV line, approximately 3.2 miles from Atkinson to Chattahoochee with 200C 1351 ACSS Martin.",3.2,New Project New Project,
20761,201,2030,ATKINSON - NORTHWEST 115KV REBUILD,GPC,2030-06-01,186,2027-06-01,Rebuild the 1.2 mile Atkinson - Tilford Yards section of the Atkinson - Northwest 115kV with 200C 1351 ACSS Martin.,1.2,New Project New Project,
21130,212,2030,CC - NORTH GEORGIA DATA NETWORK UPGRADES,GPC,2030-06-01,186,2026-06-01,Construct approximately 7 miles of 115kV line with minimum 170C 1351 ACSS conductor from Gillsville Tap Junction to Midway. Utilize the existing GPC owned North Jackson - Lawrence Smith 46kV ROW that is to be retired. Disconnect the East Maysville 115kV tap at Midway 115kV and terminate the new Pond Fork - Midway 115kV line.,7,New project New project,
10478,212,2030,CORNELIA - TALLULAH LODGE 115KV REBUILD,GPC,2030-06-01,186,2027-06-01,Rebuild approximately 9.7 miles of the Cornelia - Chase Road - Clarksville - Hollywood segments of the Cornelia - Tallulah Lodge 115kV line with 200C 795 ACSS conductor.,9.7,New Project New Project,
18669,212,2030,DU: DAWSON CROSSING - NELSON (WHITE) 115 KV REBUILD,DU,2030-06-01,186,2024-12-31,Rebuild approximately 15.7 miles of the Dawson Crossing - Etowah - Reavis Mountain - Nelson sections of the Dawson Crossing - Nelson (White) 115kV line with 1351 ACSS conductor. GPC will make any necessary relaying changes at Dawson Crossing.,15.7,New Project Project delayed from 2028 to 2030,
21097,201,2030,EAST POINT - TRIBUTARY 230KV REBUILD,GPC,2030-06-01,186,2027-06-01,Rebuild the 2.9 mile section from Cavender Drive to Marietta 25 with 200C 1351 ACSS conductor on the East Point - Tributary 230kV line.,2.9,New Project New Project,
20480,208,2030,EAST POINT - UNION CITY 230KV BLACK LINE RECONDUCTOR,GPC,2030-06-01,187,2028-06-01,Reconductor the 1.5 mile section from Flat Shoals Road station to the Stonewall Tell loop - in point on the East Point - Union City 230kV Black line with 200C 1351 ACSS Martin conductor. Replace limiting elements at Union City,1.5,Project advanced from 2031 to 2030 New Project,
19627,214,2030,ECHECONNEE-WELLSTON 115KV LINE REBUILD,GPC,2030-06-01,187,2023-06-01,Rebuild approximately 11.8 miles of the Echeconnee - Wellston 115kV line with 200C 1351 ACSS conductor and the limiting elements along the line with higher ratings. Replace the Bus at North Warner Robins with 1590 AAC.,11.8,New Project New Project,
21063,216,2030,FARLEY (APC)-TAZEWELL 500KV,GPC,2030-06-01,187,2024-12-01,"Construct a new 500kV line from Farley (APC) to Tazewell substation, approximately 120 miles long. Construct a 5 breaker 500kV ring bus to loop in the Blacksmith - Talbot 500kV line, terminate the new Farley - Tazewell 500kV and Talbot #2 - Tazewell 500kV lines. Install a 500/230kV auto transformer to connect to the existing 230kV switchyard.",120,New Project New Project,
12120,212,2030,GAINESVILLE #2 - MCEVER ROAD 115 KV REBUILD,GPC,2030-06-01,187,2025-12-31,Rebuild approximately 5.3 miles of the Gainesville #2 - McEver Rd 115kV line with 200C 1351 ACSS conductor.,5.3,New Project New Project,
20298,214,2030,GLENWOOD SPRINGS - LAKE OCONEE 115KV LINE REBUILD,GPC,2030-06-01,187,2027-06-01,Rebuild the North Eatonton Junction - Putnam Sawmill Junction line with 200C 1351 ACSS conductor.,,Advance to 2030 from 2033. New Project,
21128,213,2030,GOAT ROCK REACTORS INSTALLATION,GPC,2030-06-01,187,2028-06-01,Install 1% series reactors on the Fortson - Goat Rock (Black) 230kV and Fortson - Goat Rock (White) 230kV.,,New Project New Project,
19996,215,2030,GOLDENS CREEK - WARRENTON PRIMARY 230KV REBUILD,GPC,2030-06-01,187,2028-06-01,Rebuild approximately 0.34 miles of the Goldens Creek - Warrenton Primary 230kV line from 100C 1 - 1351.5 ACSR Martin conductor to 200C 1351 ACCR Martin conductor or equivalent.,0.34,No Change New Project,
20428,214,2030,GORDON-SANDERSVILLE #1 115KV LINE REBUILD (DEEPSTEP-SAND #6),GPC,2030-06-01,187,2023-12-01,"Rebuild the Deepstep - Robins Spring (7.6 miles) Robins Spring - Kaolin J (2.23mi), and Kaolin J - Sandersville #6 (0.66 miles) line sections of the Gordon - Sandersville #1 115kV line. Rebuild a total of 10.49 miles from 100C 336 ACSR to 100C ACSR 795 conductor.",7.6,No Change New Project,
21116,215,2030,GOSHEN AREA STRATEGIC SOLUTION,GPC,2030-06-01,187,2025-06-01,"Construct a 230kV switching station on the Waynesboro - Wilson 230kV line and a new 230kV line between the switching station and Goshen, approximately 12.3 miles. Provides an alternate power flow path into Goshen outside of the existing constrained Goshen - Vogtle corridor.",12.3,New Project New Project,
21073,208,2030,GTC: BIG SMARR - TOMOCHICHI 500KV,GTC,2030-06-01,187,2024-12-01,"Construct a 500kV line from Big Smarr to Tomochichi, approximately 36 miles long. Make the necessary modifications at Big Smarr and Tomochichi to add breakers and terminate the line.",36,New Project New Project,
21014,201,2030,GTC: BUZZARD ROOST - CAVENDER DRIVE 230KV NEW LINE,GTC,2030-06-01,187,2026-06-01,GTC is building a new 7 mile 230kV line from Cavender Drive to Buzzard Roost with 200C 1351 ACSS Martin.,7,New Project New Project,
21013,201,2030,GTC: CAVENDER DRIVE 500/230KV AUTOBANK,GTC,2030-06-01,187,2026-06-01,"GTC will turn Cavender Drive into a 500/230kV station looping in the Villa Rica - Union City 500kV line, installing a 2016 MVA auto transformer.",,New Project New Project,
20375,212,2030,GTC: EAST WATKINSVILLE 230 KV STATION MODIFICATION,GTC,2030-06-01,187,2028-06-01,Replace the 1600A reactors at East Watkinsville on the Russell Dam 230kV line with larger size.,,New Project New Project,
21111,212,2030,GTC: HARTWELL DAM - HARTWELL ENERGY 230KV SERIES REACTORS,GTC,2030-06-01,187,2027-06-01,GTC: Replace the 1600A series reactors on the Hartwell Dam - Hartwell Energy 230kV line with 3000A.,,New Project New Project,
21113,212,2030,GTC: HARTWELL ENERGY - MIDDLE FORK 230KV LINE,GTC,2030-06-01,187,2027-06-01,"Construct a new 230kV line, approx. 35 miles, from Hartwell Energy to Middle Fork with 200C (2) 1351 ACSS conductor. GTC: Expand Hartwell Energy 230kV and Middle Fork 230kV as necessary to install breakers to accept new line termination.",35,New Project New Project,
21131,212,2030,GTC: POND FORK - MIDWAY 115KV LINE,GTC,2030-06-01,187,2026-06-01,"GTC: Construct approximately 6 miles of 115kV line with minimum 170C 1351 ACSS conductor from Gillsville Tap Junction to Pond Fork, utilizing the existing GTC owned portion of the North Jackson - Lawrence Smith 46kV ROW. At Pond Fork, install a second 230/115kV 400MVA auto transformer and terminate the Pond Fork - Midway 115kV line.",6,New project New project,
21077,214,2030,GTC: ROCKVILLE - TIGER CREEK -WARTHEN 500KV LINES,GTC,2030-06-01,188,2024-12-01,"Build the new 500kV line from Rockville to Tiger Creek and Tiger Creek to Warthen, approximately 20 miles and 9 miles long respectively. Build a 500kV yard at Tiger Creek and install a 500/230kV auto transformer. Make all necessary accommodations at Warthen and Rockville for the new 500kV breakers.",20,New project New project,
21076,216,2030,GTC: TALLBOT #2 - TAZEWELL 500KV LINE,GTC,2030-06-01,188,2024-12-01,"Build a new 500kV line from Tazewell to Talbot #2, approximately 20 miles. Make all necessary accommodations at Tazewell and Talbot #2 for the new 500kV breakers and line termination.",20,New Project New Project,
21094,214,2030,GTC: TIGER CREEK- ROCKVILLE-NORTH SPA 230KV PROJECT,GTC,2030-06-01,188,2025-01-01,Build a new 4 - breaker 230kV ring bus at Rockville substation (no auto transformer to be added at this time). Loop in the Eatonton Primary #2 - Wallace Dam 230kV line. Build a new line 230kV line to Tiger Creek. Build a new 230kV line to North Spa.,,New Project New Project,
20789,212,2030,JEFFERSON ROAD - WINDER PRIMARY 115KV REBUILD,GPC,2030-06-01,188,2025-06-01,Rebuild approximately 11 miles of the Jefferson Road - Russell - Richardson Street Junction segments of the Jefferson Road - Winder Primary 115kV line with 200C 1351 ACSS Martin conductor.,11,New Project New Project,
20284,216,2030,KETTLE CREEK PRIMARY - PINE GROVE PRIMARY 115KV REBUILD,GPC,2030-06-01,188,2026-06-02,Rebuild approximately 38.04 miles of 50C 4/0 ACSR conductor from the Pine Grove to the Pearson tap using 200C 1351 ACSS conductor.,38.04,Project delayed from 2029 to 2030 New Project,
21118,215,2030,MEAG: ATHENA - WARRENTON 230KV CONVERSION,MEAG,2030-06-01,188,2025-06-01,"Reconductor/rebuild and convert the 115kV lines from Athena - Union Point - Ray Place Road - Warrenton Primary to 230kV operation. Expand Athena 230kV bus for new line termination, construct 230kV bus at Union Point, and expand 230kV bus at Warrenton Primary for new line termination. Install 230/115kV auto transformers at Union Point Primary and Ray Place Road. Replace limiting network equipment at substations along the line.",,New Project New Project,
20857,201,2030,NEW CAVENDER DRIVE - TRIBUTARY 230KV LINE,GPC,2030-06-01,188,2026-06-01,Build a new 4 mile 230kV line from Cavender Drive to Tributary with 200C 1351 ACSS Martin.,4,New Project New Project,
21093,214,2030,NORTH SPA 230KV STRATEGIC PROJECT,GPC,2030-06-01,188,2025-01-01,This project includes the following scope of work: Build a new 230kV switching station north of Oasis in a ring bus configuration with 4 - breakers. Loop in the East Social Circle - Oasis (White) 230kV line. Build a new 230kV line to Cornish Mountain from North Spa. New 230kV line from Rockville 230kV will terminate in this station.,,New Project New Project,
19995,212,2030,TALLULAH LODGE - TOCCOA 115 KV REBUILD,GPC,2030-06-01,188,2025-12-31,Rebuild the Tallulah Lodge - Toccoa 115kV Line with 100C 795 ACSR conductor (total of 10.3 miles). Replace limiting elements at Tallulah Lodge and Toccoa.,10.3,No Change New Project,
21098,201,2030,TRIBUTARY - THORNTON RD 230KV REBUILD,GPC,2030-06-01,188,2027-06-01,Rebuild the 2.8 mile Tributary - Thornton Road 230kV line with 200C 1351 ACSS Martin.,2.8,New Project New Project,
20160,213,2030,THOMASTON 230 NEW BUILD SUB,GPC,2030-11-01,188,2026-01-01,Replace Thomaston 230/115kV 285MVA auto transformers C and D with 400MVA auto transformers. Install high side breakers to meet the 230kV bus differential standards and redesign 230kV bus to a breaker and a half configuration.,,New Project New Project,
18848,216,2030,"BAINBRIDGE TRANSMISSION: EAST RIVER ROAD, EAST BAINBRIDGE",GPC,2030-12-31,188,2023-06-01,"This project will construct a new 115kV breaker and a half substation a mile north of the East Bainbridge substation. East Bainbridge will be simplified to a 115kV straight bus with two transmission lines for service to load, a generation interconnection point and a capacitor bank.",,No Change New Project,
19626,214,2030,GLENWOOD SPRINGS 115KV CAP BANK,GPC,2030-12-31,188,2028-01-01,Install a 115kV two stage 30MVAR capacitor bank at Glenwood Springs substation.,,Project advanced from 2031 to 2030. New Project,
20690,208,2031,EAST POINT - UNION CITY (WHITE) 230KV REBUILD,GPC,2031-05-01,188,2028-06-01,Rebuild 5.49 miles of 100C 1590.0 ACSR Lapwing with 200C 1351.5 ACSS Martin 230kV line from Welcome All to Union City on the East Point - Union City 230kV line.,5.49,New Project New Project,
19632,202,2031,AVERY - HOPEWELL 115KV RECONDUCTOR,GPC,2031-06-01,188,2028-01-01,Reconductor the Hopewell to Birmingham line section (approximately 3.3 miles) on the Avery - Hopewell 115kV line with 100C 1033 ACSR conductor. Replace jumper at Birmingham with 1590 AAC jumper.,3.3,No Change New Project,
10811,211,2031,BOWEN #10 500/230KV AUTOBANK REPLACEMENT,GPC,2031-06-01,188,2025-06-01,Replace the existing Bowen #10 1350 MVA 500/230kV auto transformer with a 2016 MVA 500/230kV auto transformer.,,New Project New Project,
20756,215,2031,HATCH - WADLEY 500 KV LINE STRATEGIC PROJECT,GPC,2031-06-01,188,2024-07-03,Construct a new 500kV line from Hatch - Wadley Primary.,,New Project New Project,
21099,214,2031,MEAG: PIO NONO 230/115KV AREA SOLUTION,MEAG,2031-06-01,189,2025-01-01,"Build a 4 - breaker 230kV ring bus to terminate lines from Dorsett, South Griffin, and Big Grocery. Install a 400MVA auto transformer and build a 115kV yard to terminate a line from Broadway. Make all necessary modifications to accommodate all the 230kV and 115kV lines terminations.",,New Project New Project,
21114,213,2032,MEAG: SOUTH GRIFFIN 230/115KV BANK #5,MEAG,2032-06-01,189,2030-06-01,Replace 230/115kV 285MVA auto transformer #5 with 230/115kV 400MVA auto transformer at South Griffin.,,New Project New Project,
20784,219,2032,SAV: COLEMAN - MELDRIM 115KV LINE REBUILD,SAV,2032-06-01,189,2029-06-01,Rebuild 3 miles of the Coleman - Meldrim 115kV line from Four Lakes to Meldrim with 200C 1351 ACSS.,3,New Project New Project,
20767,214,2033,ARKWRIGHT BUS AND JUMPER REPLACEMENT,GPC,2033-06-01,189,2029-06-01,Replace the 115kV bus at Arkwright with higher rating and replace the jumper on the Arkwright - Forrest Rd (Macon) 115kV line with at least 1590AAC.,,New Project New Project,
20758,202,2033,BAY CREEK - CONYERS 230KV LIMITING ELEMENT REPLACEMENT,GPC,2033-06-01,189,2031-06-01,"Replace equipment such as jumpers, switches, and traps at the Bay Creek, Rockdale, and Conyers substations with equipment capable of carrying 3000A.",,New Project New Project,
20793,215,2033,EVANS PRIMARY - THURMOND DAM (USA) #5 115KV REBUILD,GPC,2033-06-01,189,2029-06-01,Rebuild approximately 5.45 miles of Euchee Creek - Thurmond Dam segment of the Evans Primary - Thurmond Dam (USA) #5 115kV line with 200C 1351 ACSS Martin conductor. Replace the main bus with a larger element at Thurmond Dam (USA).,5.45,New Project New Project,
20794,215,2033,EVANS PRIMARY - THURMOND DAM (USA) #6 115KV REBUILD,GPC,2033-06-01,189,2030-06-01,Rebuild approximately 8.9 miles of the Evans Primary - Thurmond Dam (USA) #6 115kV line with 200C 1351 ACSS Martin conductor. Replace the main bus with a larger element at Thurmond Dam (USA).,8.9,New Project New Project,
12217,212,2033,GTC: CENTER PRIMARY - CLARKSBORO 230 KV REBUILD,GTC,2033-06-01,189,2028-06-01,GTC to rebuild the Center Primary - Clarksboro Primary 230kV line (approx. 8.3 miles) with 200C 1351 ACSS conductor.,8.3,New Project New Project,
20773,212,2033,GTC: CLARKSBORO - WINDER PRIMARY 230KV REBUILD,GTC,2033-06-01,189,2029-06-01,Rebuild approximately 14 miles of the Clarksboro - Winder 230kV line with 200C 1351 ACSS conductor.,14,New Project New Project,
12147,212,2033,GTC: EAST SOCIAL CIRCLE - SNELLVILLE 230KV EQUIPMENT UPGRADE,GTC,2033-06-01,189,2030-06-01,"Replace the 1200A switches at Snellville Primary with 3000A. Also, replace the 1200A line trap and switches at East Social Circle with 3000A on the East Social Circle - Snellville 230kV line.",,New Project New Project,
21075,212,2033,GTC: EAST WALTON - MIDDLE FORK 500KV,GTC,2033-06-01,189,2024-12-01,"Construct a new 500kV line from East Walton to Middle Fork, approximately 45 miles long. Make all necessary accommodations for new 500kV breakers at East Walton and Middle Fork substations.",45,New Project New Project,
20791,212,2033,GTC: SHOAL CREEK - SOUTH HALL 230KV REBUILD,GTC,2033-06-01,189,2029-06-01,"Rebuild approximately 7.9 miles of South Hall - Chestnut Mountain - Spout Springs Road segments of the Shoal Creek - South Hall 230kV line with 200C 1351 ACSS conductor. Also, replace 1 - AAC 1590 jumpers at South Hall with 2 - AAC 1590.",7.9,New Project New Project,
21053,212,2033,MCEVER ROAD - SHOAL CREEK 115KV REBUILD PHASE III,GPC,2033-06-01,189,2030-06-01,"Rebuild the 2 - 4/0 copper part (approximately 2.9 miles) of the Gainesville Ferry - Lakeside WTP A line section, part of the McEver Road - Shoal Creek 115kV line, using 200C 1351 ACSS conductor.",2.9,New Project New Project,
09661,212,2033,MCGRAU FORD - MIDDLE FORK 500KV LINE PROJECT,GPC,2033-06-01,189,2026-06-01,Construct a new approximately 64 mile 500kV line from McGrau Ford to Middle Fork.,64,New Project New Project,
20796,219,2033,SAV: MELDRIM BANK D REPLACEMENT,SAV,2033-06-01,189,2030-06-01,Replace 300 MVA 230/115kV Bank D with 400 MVA Bank.,,New Project New Project,
14222,215,2033,THOMSON PRIMARY 230/115KV SECOND TRANSFORMER,GPC,2033-06-01,189,2025-08-01,"Install a second 400 MVA, 230/115kV auto transformer at Thomson Primary substation.",,Project delayed from 2031 to 2033 New Project,
20759,202,2033,WINDER PRIMARY 230KV BUS 1-2 PARALLEL BUS-TIE INSTALLATION,GPC,2033-06-01,190,2031-06-01,Install a 2nd 230kV bus - tie breaker at the Winder Primary Station.,,New Project New Project,
10487,216,2033,PINE GROVE PRIMARY - WEST VALDOSTA 115 KV RECONDUCTOR,GPC,2033-12-31,190,2029-12-31,Rebuild 3.7 miles of 100C 4/0 ACSR conductor with 200C 795 ACSS Drake on the Bemis - Pine Grove Primary section of the Pine Grove Primary - West Valdosta 115kV line.,3.7,New Project New Project,
18700,212,2034,DAWSON CROSSING - GAINESVILLE #1 115 KV,GPC,2034-06-01,190,2032-06-01,"Replace the 500CU main bus at Gainesville #1 115kV with 3"" Sch 40 AL Tube.",,New Project New Project,
20787,219,2034,SAV: LITTLE OGEECHEE 230/115KV BANK REPLACEMENT,SAV,2034-06-01,190,2030-06-01,Replace SATX 280MVA auto transformer with 400MVA auto transformer.,,New Project New Project,
17993,215,2034,EVANS PRIMARY - THOMSON PRIMARY 115KV REBUILD,GPC,2034-12-31,190,2031-01-01,"Rebuild the existing 100C 336 ACSR conductor for the Thomson Primary to Pumpkin Center 115kV line section (approximately 5.28 miles), part of the Evans Primary - Thomson Primary 115kV line with 200C 1351 ACSS Martin conductor.",5.28,New Project New Project,
12016,214,2024,ARKWRIGHT - LLOYD SHOALS 115 KV LINE RECONDUCTOR,GPC,2024-06-01,191,,,,,
19628,216,2029,ARLINGTON PRIMARY - LIZARD LOPE 115KV RECONDUCTOR,GPC,2029-06-01,191,,,,,
20477,212,2029,BANKS CROSSING - CENTER PRIMARY (BLACK) 230 KV LINE,GPC,2029-06-01,191,,,,,
12063,201,2029,DOUGLASVILLE - POST RD 115KV REBUILD,GPC,2029-06-01,191,,,,,
19623,215,2029,GTC: AUGUSTA CORPORATE PARK - VOGTLE 230KV REBUILD,GTC,2029-06-01,191,,,,,
20513,214,2029,GTC: BIG GROCERY-WESTLAKE ROAD 230KV PROJECTS,GTC,2029-06-01,191,,,,,
15228,219,2029,KRAFT 230/115KV TRANSFORMER RATING INCREASE,GPC,2029-06-01,191,,,,,
20000,208,2029,YATES 6 AND 7 230KV LIMITING ELEMENT REPLACEMENT,GPC,2029-06-01,191,,,,,
20482,213,2031,PITTMAN ROAD - WEST POINT DAM (USA) 115KV REBUILD,GPC,2031-06-01,191,2025-06-01,Rebuild 3 miles from the Pittman Road 115kV station to the West Point Dam (USA) 115kV station with 100C 1351 ACSS Martin conductor. Replace AAC 750 jumper at Pittman Road 115kV with (2) 1590 AAC.,3,Project advanced from 2031 to 2028 New Project,
20266,215,2031,GTC: GOSHEN - VOGTLE 230KV REBUILD,GTC,2031-06-01,191,,,,,
